{"data" : [
  {"banksData" : ["中国工商银行股份有限公司" ,
                 "中国农业银行股份有限公司",
                 "云南省农村信用社" ,
                 "中国建设银行股份有限公司",
                 "中信银行股份有限公司",
                  "中国光大银行股份有限公司",
                  "招商银行股份有限公司",
                  "平安银行股份有限公司",
                  "兴业银行股份有限公司",
                  "上海浦东发展银行股份有限公司",
                  "交通银行股份有限公司",
                  "中国民生银行股份有限公司",
                  "广发银行股份有限公司",
                  "华夏银行股份有限公司",
                  "浙商银行股份有限公司",
                  "中国邮政储蓄银行股份有限公司",
                  "宁波银行股份有限公司",
                  "杭州银行股份有限公司",
                  "上海银行股份有限公司",
                  "东莞银行股份有限公司",
                  "深圳农村商业银行",
                  "哈尔滨银行股份有限公司"

  ]},
  {"productsData" : ["手机","电脑","摩托车","电动车","家电","时尚消费品","其他"]},
  {"countNum" : ["3","6","9","10","12","15","18","24","36"]},
  {"repaymentDate" : ["1","2","3","4","5","6","7","8","9","10","11","12","13","14","15","16","17","18","19","20","21","22","23","24","25","26","27","28"]},
  {"friendsData" : ["自己","家人","朋友","同事","单位","丈夫/妻子"]}
]}